Year,ModelKey,Score,NormalizedScore,HardnessScore
2018,ARMCacheCoherence_PT,16.0,1.0,48.0
2018,ASLink_PT,11.75,0.734375,18.05
2018,AirplaneLD_COL,16.0,1.0,47.77777777777778
2018,AirplaneLD_PT,16.0,1.0,46.888888888888886
2018,Angiogenesis_PT,15.714285714285714,0.9821428571428571,40.0
2018,AutoFlight_PT,16.0,1.0,44.1
2018,BART_COL,16.0,1.0,30.0
2018,BART_PT,8.0,0.5,18.0
2018,BridgeAndVehicles_COL,16.0,1.0,45.35
2018,BridgeAndVehicles_PT,16.0,1.0,46.35
2018,BusinessProcesses_PT,16.0,1.0,42.9
2018,CSRepetitions_COL,16.0,1.0,40.0
2018,CSRepetitions_PT,16.0,1.0,41.333333333333336
2018,CircadianClock_PT,16.0,1.0,39.833333333333336
2018,CircularTrains_PT,16.0,1.0,48.0
2018,ClientsAndServers_PT,16.0,1.0,37.35
2018,CloudDeployment_PT,15.25,0.953125,36.75
2018,CloudReconfiguration_PT,16.0,1.0,48.0
2018,DES_PT,16.0,1.0,48.0
2018,DLCflexbar_PT,13.071428571428571,0.8169642857142857,29.428571428571427
2018,DLCround_PT,15.954545454545455,0.9971590909090909,34.86363636363637
2018,DLCshifumi_PT,13.4,0.8375,31.1
2018,DNAwalker_PT,15.5,0.96875,46.111111111111114
2018,DatabaseWithMutex_COL,13.4,0.8375,25.8
2018,DatabaseWithMutex_PT,15.0,0.9375,27.8
2018,Dekker_PT,16.0,1.0,48.0
2018,Diffusion2D_PT,16.0,1.0,43.48275862068966
2018,DiscoveryGPU_PT,16.0,1.0,48.0
2018,DoubleExponent_PT,11.375,0.7109375,25.625
2018,DrinkVendingMachine_COL,4.571428571428571,0.2857142857142857,13.714285714285714
2018,DrinkVendingMachine_PT,16.0,1.0,48.0
2018,EGFr_PT,16.0,1.0,48.0
2018,ERK_PT,15.666666666666666,0.9791666666666666,38.833333333333336
2018,Echo_PT,16.0,1.0,17.444444444444443
2018,EnergyBus_PT,16.0,1.0,48.0
2018,Eratosthenes_PT,16.0,1.0,48.0
2018,FlexibleBarrier_PT,15.1,0.94375,32.85
2018,GPPP_PT,15.470588235294118,0.9669117647058824,41.0
2018,GlobalResAllocation_COL,6.857142857142857,0.42857142857142855,15.428571428571429
2018,GlobalResAllocation_PT,16.0,1.0,48.0
2018,HexagonalGrid_PT,16.0,1.0,36.42857142857143
2018,HospitalTriage_PT,16.0,1.0,48.0
2018,HypercubeGrid_PT,16.0,1.0,16.0
2018,HypertorusGrid_PT,16.0,1.0,32.0
2018,IBM319_PT,16.0,1.0,48.0
2018,IBM5964_PT,16.0,1.0,48.0
2018,IBM703_PT,16.0,1.0,48.0
2018,IBMB2S565S3960_PT,16.0,1.0,48.0
2018,IOTPpurchase_PT,16.0,1.0,48.0
2018,JoinFreeModules_PT,12.0,0.75,31.416666666666668
2018,LamportFastMutEx_COL,13.428571428571429,0.8392857142857143,31.714285714285715
2018,LamportFastMutEx_PT,15.0,0.9375,37.285714285714285
2018,MAPKbis_PT,16.0,1.0,48.0
2018,MultiwaySync_PT,16.0,1.0,48.0
2018,NQueens_PT,16.0,1.0,38.0
2018,NeighborGrid_PT,16.0,1.0,41.6
2018,NeoElection_COL,15.0,0.9375,37.285714285714285
2018,NeoElection_PT,15.857142857142858,0.9910714285714286,41.0
2018,PaceMaker_PT,16.0,1.0,48.0
2018,ParamProductionCell_PT,16.0,1.0,48.0
2018,Parking_PT,16.0,1.0,48.0
2018,PermAdmissibility_COL,16.0,1.0,25.0
2018,PermAdmissibility_PT,12.166666666666666,0.7604166666666666,20.0
2018,Peterson_COL,15.0,0.9375,32.0
2018,Peterson_PT,13.166666666666666,0.8229166666666666,29.166666666666668
2018,PhaseVariation_PT,16.0,1.0,32.6
2018,PhilosophersDyn_COL,9.6,0.6,19.4
2018,PhilosophersDyn_PT,16.0,1.0,39.666666666666664
2018,Philosophers_COL,12.307692307692308,0.7692307692307693,33.23076923076923
2018,Philosophers_PT,14.545454545454545,0.9090909090909091,42.90909090909091
2018,Planning_PT,10.0,0.625,20.0
2018,PolyORBLF_COL,5.611111111111111,0.3506944444444444,7.166666666666667
2018,PolyORBLF_PT,3.7222222222222223,0.2326388888888889,7.111111111111111
2018,PolyORBNT_COL,7.8,0.4875,7.8
2018,PolyORBNT_PT,10.2,0.6375,10.5
2018,ProductionCell_PT,16.0,1.0,48.0
2018,QuasiCertifProtocol_COL,15.857142857142858,0.9910714285714286,34.857142857142854
2018,QuasiCertifProtocol_PT,16.0,1.0,37.142857142857146
2018,RERS17pb113_PT,0.3333333333333333,0.020833333333333332,0.5555555555555556
2018,RERS17pb114_PT,0.5555555555555556,0.034722222222222224,1.1111111111111112
2018,RERS17pb115_PT,0.5555555555555556,0.034722222222222224,1.1111111111111112
2018,Raft_PT,16.0,1.0,48.0
2018,Railroad_PT,16.0,1.0,37.0
2018,Referendum_COL,16.0,1.0,48.0
2018,Referendum_PT,16.0,1.0,48.0
2018,RefineWMG_PT,15.9375,0.99609375,39.8125
2018,ResAllocation_PT,16.0,1.0,48.0
2018,Ring_PT,16.0,1.0,48.0
2018,RobotManipulation_PT,15.923076923076923,0.9951923076923077,39.76923076923077
2018,RwMutex_PT,16.0,1.0,48.0
2018,SafeBus_COL,9.714285714285714,0.6071428571428571,19.285714285714285
2018,SafeBus_PT,12.8,0.8,25.8
2018,SharedMemory_COL,5.714285714285714,0.35714285714285715,14.857142857142858
2018,SharedMemory_PT,14.666666666666666,0.9166666666666666,35.833333333333336
2018,SimpleLoadBal_PT,16.0,1.0,41.4
2018,SmallOperatingSystem_PT,16.0,1.0,42.578947368421055
2018,Solitaire_PT,16.0,1.0,32.166666666666664
2018,SquareGrid_PT,16.0,1.0,25.6
2018,SwimmingPool_PT,16.0,1.0,48.0
2018,TCPcondis_PT,15.777777777777779,0.9861111111111112,31.77777777777778
2018,TokenRing_COL,11.2,0.7,28.8
2018,TokenRing_PT,16.0,1.0,41.142857142857146
2018,TriangularGrid_PT,16.0,1.0,36.0
2018,UtahNoC_PT,16.0,1.0,48.0
2018,Vasy2003_PT,16.0,1.0,48.0
2019,ARMCacheCoherence_PT,16.0,1.0,48.0
2019,ASLink_PT,14.6,0.9125,34.85
2019,AirplaneLD_COL,16.0,1.0,47.77777777777778
2019,AirplaneLD_PT,16.0,1.0,47.888888888888886
2019,Angiogenesis_PT,15.857142857142858,0.9910714285714286,45.714285714285715
2019,AutoFlight_PT,16.0,1.0,47.25
2019,BART_COL,16.0,1.0,35.375
2019,BART_PT,16.0,1.0,48.0
2019,BridgeAndVehicles_COL,16.0,1.0,47.05
2019,BridgeAndVehicles_PT,16.0,1.0,47.55
2019,BusinessProcesses_PT,16.0,1.0,47.95
2019,CSRepetitions_COL,16.0,1.0,48.0
2019,CSRepetitions_PT,16.0,1.0,48.0
2019,CircadianClock_PT,16.0,1.0,47.5
2019,CircularTrains_PT,16.0,1.0,48.0
2019,ClientsAndServers_PT,16.0,1.0,48.0
2019,CloudDeployment_PT,15.916666666666666,0.9947916666666666,45.916666666666664
2019,CloudOpsManagement_PT,16.0,1.0,44.57142857142857
2019,CloudReconfiguration_PT,16.0,1.0,48.0
2019,DES_PT,16.0,1.0,48.0
2019,DLCflexbar_PT,15.5,0.96875,43.07142857142857
2019,DLCround_PT,16.0,1.0,47.77272727272727
2019,DLCshifumi_PT,16.0,1.0,44.5
2019,DNAwalker_PT,15.5,0.96875,46.5
2019,DatabaseWithMutex_COL,15.4,0.9625,40.6
2019,DatabaseWithMutex_PT,15.8,0.9875,45.0
2019,Dekker_PT,16.0,1.0,48.0
2019,Diffusion2D_PT,16.0,1.0,42.03448275862069
2019,DiscoveryGPU_PT,16.0,1.0,48.0
2019,DoubleExponent_PT,11.125,0.6953125,32.875
2019,DrinkVendingMachine_COL,10.428571428571429,0.6517857142857143,19.571428571428573
2019,DrinkVendingMachine_PT,16.0,1.0,48.0
2019,EGFr_PT,16.0,1.0,48.0
2019,ERK_PT,16.0,1.0,47.666666666666664
2019,Echo_PT,16.0,1.0,48.0
2019,EnergyBus_PT,16.0,1.0,48.0
2019,Eratosthenes_PT,16.0,1.0,48.0
2019,FMS_PT,16.0,1.0,47.92857142857143
2019,FamilyReunion_COL,4.666666666666667,0.2916666666666667,13.0
2019,FamilyReunion_PT,12.5,0.78125,30.166666666666668
2019,FlexibleBarrier_PT,16.0,1.0,45.95
2019,GPPP_PT,15.764705882352942,0.9852941176470589,39.0
2019,GlobalResAllocation_COL,11.714285714285714,0.7321428571428571,24.142857142857142
2019,GlobalResAllocation_PT,16.0,1.0,48.0
2019,HexagonalGrid_PT,16.0,1.0,47.42857142857143
2019,HospitalTriage_PT,16.0,1.0,48.0
2019,HouseConstruction_PT,16.0,1.0,47.92857142857143
2019,HypercubeGrid_PT,16.0,1.0,43.333333333333336
2019,HypertorusGrid_PT,16.0,1.0,45.5
2019,IBM319_PT,16.0,1.0,48.0
2019,IBM5964_PT,16.0,1.0,48.0
2019,IBM703_PT,16.0,1.0,48.0
2019,IBMB2S565S3960_PT,16.0,1.0,48.0
2019,IOTPpurchase_PT,16.0,1.0,48.0
2019,JoinFreeModules_PT,10.166666666666666,0.6354166666666666,29.083333333333332
2019,Kanban_PT,16.0,1.0,48.0
2019,LamportFastMutEx_COL,13.142857142857142,0.8214285714285714,37.0
2019,LamportFastMutEx_PT,14.714285714285714,0.9196428571428571,43.285714285714285
2019,MAPK_PT,15.727272727272727,0.9829545454545454,43.54545454545455
2019,MAPKbis_PT,16.0,1.0,48.0
2019,MultiwaySync_PT,16.0,1.0,48.0
2019,NQueens_PT,16.0,1.0,48.0
2019,NeighborGrid_PT,16.0,1.0,41.6
2019,NeoElection_COL,16.0,1.0,46.714285714285715
2019,NeoElection_PT,16.0,1.0,47.0
2019,NoC3x3_PT,16.0,1.0,42.875
2019,PaceMaker_PT,16.0,1.0,48.0
2019,ParamProductionCell_PT,16.0,1.0,48.0
2019,Parking_PT,16.0,1.0,48.0
2019,PermAdmissibility_COL,16.0,1.0,48.0
2019,PermAdmissibility_PT,13.333333333333334,0.8333333333333334,36.333333333333336
2019,Peterson_COL,14.333333333333334,0.8958333333333334,42.666666666666664
2019,Peterson_PT,14.666666666666666,0.9166666666666666,42.0
2019,PhaseVariation_PT,16.0,1.0,48.0
2019,PhilosophersDyn_COL,10.4,0.65,20.6
2019,PhilosophersDyn_PT,16.0,1.0,39.0
2019,Philosophers_COL,14.0,0.875,36.0
2019,Philosophers_PT,16.0,1.0,45.45454545454545
2019,Planning_PT,14.0,0.875,42.0
2019,PolyORBLF_COL,12.722222222222221,0.7951388888888888,22.444444444444443
2019,PolyORBLF_PT,9.944444444444445,0.6215277777777778,16.555555555555557
2019,PolyORBNT_COL,12.8,0.8,29.3
2019,PolyORBNT_PT,14.6,0.9125,33.0
2019,ProductionCell_PT,16.0,1.0,48.0
2019,QuasiCertifProtocol_COL,16.0,1.0,48.0
2019,QuasiCertifProtocol_PT,16.0,1.0,48.0
2019,RERS17pb113_PT,0.8888888888888888,0.05555555555555555,2.2222222222222223
2019,RERS17pb114_PT,0.6666666666666666,0.041666666666666664,1.2222222222222223
2019,RERS17pb115_PT,0.4444444444444444,0.027777777777777776,0.8888888888888888
2019,Raft_PT,16.0,1.0,48.0
2019,Railroad_PT,16.0,1.0,47.8
2019,Referendum_COL,16.0,1.0,48.0
2019,Referendum_PT,16.0,1.0,48.0
2019,RefineWMG_PT,15.375,0.9609375,46.125
2019,ResAllocation_PT,16.0,1.0,48.0
2019,Ring_PT,16.0,1.0,48.0
2019,RobotManipulation_PT,16.0,1.0,47.38461538461539
2019,RwMutex_PT,16.0,1.0,48.0
2019,SafeBus_COL,13.285714285714286,0.8303571428571429,34.0
2019,SafeBus_PT,15.2,0.95,40.8
2019,SharedMemory_COL,11.142857142857142,0.6964285714285714,22.571428571428573
2019,SharedMemory_PT,14.833333333333334,0.9270833333333334,41.5
2019,SimpleLoadBal_PT,16.0,1.0,47.2
2019,SmallOperatingSystem_PT,16.0,1.0,47.94736842105263
2019,Solitaire_PT,16.0,1.0,47.833333333333336
2019,SquareGrid_PT,16.0,1.0,45.6
2019,SwimmingPool_PT,16.0,1.0,48.0
2019,TCPcondis_PT,16.0,1.0,48.0
2019,TokenRing_COL,11.3,0.70625,33.7
2019,TokenRing_PT,16.0,1.0,45.714285714285715
2019,TriangularGrid_PT,16.0,1.0,48.0
2019,UtahNoC_PT,16.0,1.0,48.0
2019,Vasy2003_PT,16.0,1.0,48.0
2019,VehicularWifi_COL,0.0,0.0,0.0
2020,ARMCacheCoherence_PT,16.0,1.0,48.0
2020,ASLink_PT,13.65,0.853125,35.15
2020,AirplaneLD_COL,16.0,1.0,48.0
2020,AirplaneLD_PT,16.0,1.0,48.0
2020,Angiogenesis_PT,15.857142857142858,0.9910714285714286,46.714285714285715
2020,AutoFlight_PT,16.0,1.0,48.0
2020,BART_COL,16.0,1.0,36.25
2020,BART_PT,16.0,1.0,48.0
2020,BridgeAndVehicles_COL,16.0,1.0,47.3
2020,BridgeAndVehicles_PT,16.0,1.0,47.35
2020,BusinessProcesses_PT,16.0,1.0,48.0
2020,CSRepetitions_COL,16.0,1.0,48.0
2020,CSRepetitions_PT,16.0,1.0,48.0
2020,CircadianClock_PT,16.0,1.0,47.666666666666664
2020,CircularTrains_PT,16.0,1.0,48.0
2020,ClientsAndServers_PT,16.0,1.0,48.0
2020,CloudDeployment_PT,16.0,1.0,46.916666666666664
2020,CloudOpsManagement_PT,16.0,1.0,47.142857142857146
2020,CloudReconfiguration_PT,16.0,1.0,48.0
2020,DES_PT,16.0,1.0,48.0
2020,DLCflexbar_PT,16.0,1.0,47.0
2020,DLCround_PT,16.0,1.0,48.0
2020,DLCshifumi_PT,16.0,1.0,47.2
2020,DNAwalker_PT,15.333333333333334,0.9583333333333334,44.666666666666664
2020,DatabaseWithMutex_COL,16.0,1.0,41.2
2020,DatabaseWithMutex_PT,16.0,1.0,45.2
2020,Dekker_PT,16.0,1.0,48.0
2020,Diffusion2D_PT,16.0,1.0,47.37931034482759
2020,DiscoveryGPU_PT,16.0,1.0,48.0
2020,DoubleExponent_PT,12.75,0.796875,35.625
2020,DrinkVendingMachine_COL,10.0,0.625,19.142857142857142
2020,DrinkVendingMachine_PT,16.0,1.0,48.0
2020,EGFr_PT,16.0,1.0,48.0
2020,ERK_PT,16.0,1.0,47.5
2020,Echo_PT,16.0,1.0,47.77777777777778
2020,EnergyBus_PT,16.0,1.0,48.0
2020,Eratosthenes_PT,16.0,1.0,48.0
2020,FMS_PT,16.0,1.0,47.857142857142854
2020,FamilyReunion_COL,4.416666666666667,0.2760416666666667,12.75
2020,FamilyReunion_PT,14.333333333333334,0.8958333333333334,38.333333333333336
2020,FlexibleBarrier_PT,16.0,1.0,48.0
2020,GPPP_PT,16.0,1.0,44.76470588235294
2020,GlobalResAllocation_COL,11.714285714285714,0.7321428571428571,28.142857142857142
2020,GlobalResAllocation_PT,16.0,1.0,48.0
2020,HexagonalGrid_PT,16.0,1.0,45.57142857142857
2020,HospitalTriage_PT,16.0,1.0,48.0
2020,HouseConstruction_PT,16.0,1.0,47.642857142857146
2020,HypercubeGrid_PT,16.0,1.0,37.333333333333336
2020,HypertorusGrid_PT,15.833333333333334,0.9895833333333334,43.5
2020,IBM319_PT,16.0,1.0,48.0
2020,IBM5964_PT,16.0,1.0,48.0
2020,IBM703_PT,16.0,1.0,48.0
2020,IBMB2S565S3960_PT,16.0,1.0,48.0
2020,IOTPpurchase_PT,16.0,1.0,48.0
2020,JoinFreeModules_PT,11.916666666666666,0.7447916666666666,32.666666666666664
2020,Kanban_PT,16.0,1.0,46.76923076923077
2020,LamportFastMutEx_COL,13.857142857142858,0.8660714285714286,39.0
2020,LamportFastMutEx_PT,15.571428571428571,0.9732142857142857,46.0
2020,MAPK_PT,16.0,1.0,44.81818181818182
2020,MAPKbis_PT,16.0,1.0,48.0
2020,MultiwaySync_PT,16.0,1.0,48.0
2020,NQueens_PT,16.0,1.0,48.0
2020,NeighborGrid_PT,16.0,1.0,44.2
2020,NeoElection_COL,16.0,1.0,47.714285714285715
2020,NeoElection_PT,16.0,1.0,45.714285714285715
2020,NoC3x3_PT,15.875,0.9921875,43.3125
2020,PaceMaker_PT,16.0,1.0,48.0
2020,ParamProductionCell_PT,16.0,1.0,48.0
2020,Parking_PT,16.0,1.0,48.0
2020,PermAdmissibility_COL,16.0,1.0,47.833333333333336
2020,PermAdmissibility_PT,13.5,0.84375,37.166666666666664
2020,Peterson_COL,14.666666666666666,0.9166666666666666,44.0
2020,Peterson_PT,14.333333333333334,0.8958333333333334,42.666666666666664
2020,PhaseVariation_PT,16.0,1.0,48.0
2020,PhilosophersDyn_COL,10.0,0.625,26.6
2020,PhilosophersDyn_PT,16.0,1.0,44.0
2020,Philosophers_COL,13.76923076923077,0.8605769230769231,36.84615384615385
2020,Philosophers_PT,16.0,1.0,46.18181818181818
2020,Planning_PT,7.0,0.4375,21.0
2020,PolyORBLF_COL,14.944444444444445,0.9340277777777778,33.72222222222222
2020,PolyORBLF_PT,13.222222222222221,0.8263888888888888,27.333333333333332
2020,PolyORBNT_COL,13.4,0.8375,34.9
2020,PolyORBNT_PT,15.0,0.9375,38.3
2020,ProductionCell_PT,16.0,1.0,48.0
2020,QuasiCertifProtocol_COL,16.0,1.0,48.0
2020,QuasiCertifProtocol_PT,16.0,1.0,48.0
2020,RERS17pb113_PT,0.7777777777777778,0.04861111111111111,2.2222222222222223
2020,RERS17pb114_PT,0.7777777777777778,0.04861111111111111,1.3333333333333333
2020,RERS17pb115_PT,0.4444444444444444,0.027777777777777776,0.7777777777777778
2020,Raft_PT,16.0,1.0,48.0
2020,Railroad_PT,16.0,1.0,47.2
2020,Referendum_COL,16.0,1.0,48.0
2020,Referendum_PT,16.0,1.0,48.0
2020,RefineWMG_PT,16.0,1.0,48.0
2020,ResAllocation_PT,16.0,1.0,48.0
2020,Ring_PT,16.0,1.0,48.0
2020,RobotManipulation_PT,16.0,1.0,46.23076923076923
2020,RwMutex_PT,16.0,1.0,48.0
2020,SafeBus_COL,12.571428571428571,0.7857142857142857,34.0
2020,SafeBus_PT,15.6,0.975,44.4
2020,SatelliteMemory_PT,16.0,1.0,48.0
2020,SharedMemory_COL,11.714285714285714,0.7321428571428571,23.571428571428573
2020,SharedMemory_PT,15.5,0.96875,44.333333333333336
2020,ShieldIIPs_PT,16.0,1.0,47.81818181818182
2020,ShieldIIPt_PT,16.0,1.0,47.81818181818182
2020,ShieldPPPs_PT,16.0,1.0,47.0
2020,ShieldPPPt_PT,16.0,1.0,47.5
2020,ShieldRVs_PT,16.0,1.0,48.0
2020,ShieldRVt_PT,16.0,1.0,47.90909090909091
2020,SimpleLoadBal_PT,15.8,0.9875,46.6
2020,SmallOperatingSystem_PT,16.0,1.0,47.05263157894737
2020,SmartHome_PT,16.0,1.0,48.0
2020,Solitaire_PT,16.0,1.0,48.0
2020,SquareGrid_PT,16.0,1.0,44.2
2020,Sudoku_COL,16.0,1.0,30.4
2020,Sudoku_PT,16.0,1.0,48.0
2020,SwimmingPool_PT,16.0,1.0,48.0
2020,TCPcondis_PT,16.0,1.0,47.55555555555556
2020,TokenRing_COL,14.4,0.9,38.4
2020,TokenRing_PT,16.0,1.0,45.714285714285715
2020,TriangularGrid_PT,16.0,1.0,48.0
2020,UtahNoC_PT,16.0,1.0,48.0
2020,Vasy2003_PT,16.0,1.0,48.0
2020,VehicularWifi_COL,0.0,0.0,0.0
2020,ViralEpidemic_PT,16.0,1.0,48.0
2021,ARMCacheCoherence_PT,16.0,1.0,48.0
2021,ASLink_PT,15.3,0.95625,39.4
2021,AirplaneLD_COL,16.0,1.0,48.0
2021,AirplaneLD_PT,16.0,1.0,48.0
2021,Angiogenesis_PT,16.0,1.0,47.857142857142854
2021,AutoFlight_PT,16.0,1.0,48.0
2021,BART_COL,16.0,1.0,48.0
2021,BART_PT,16.0,1.0,48.0
2021,BridgeAndVehicles_COL,16.0,1.0,46.9
2021,BridgeAndVehicles_PT,16.0,1.0,46.9
2021,BusinessProcesses_PT,16.0,1.0,48.0
2021,CANConstruction_PT,16.0,1.0,42.36363636363637
2021,CSRepetitions_COL,16.0,1.0,48.0
2021,CSRepetitions_PT,16.0,1.0,48.0
2021,CircadianClock_PT,16.0,1.0,47.833333333333336
2021,CircularTrains_PT,16.0,1.0,48.0
2021,ClientsAndServers_PT,16.0,1.0,45.0
2021,CloudDeployment_PT,16.0,1.0,47.916666666666664
2021,CloudOpsManagement_PT,16.0,1.0,47.07142857142857
2021,CloudReconfiguration_PT,16.0,1.0,48.0
2021,DES_PT,16.0,1.0,48.0
2021,DLCflexbar_PT,16.0,1.0,47.714285714285715
2021,DLCround_PT,16.0,1.0,48.0
2021,DLCshifumi_PT,16.0,1.0,47.6
2021,DNAwalker_PT,15.61111111111111,0.9756944444444444,46.833333333333336
2021,DatabaseWithMutex_COL,16.0,1.0,46.6
2021,DatabaseWithMutex_PT,16.0,1.0,47.4
2021,Dekker_PT,16.0,1.0,48.0
2021,Diffusion2D_PT,16.0,1.0,48.0
2021,DiscoveryGPU_PT,16.0,1.0,48.0
2021,DoubleExponent_PT,11.75,0.734375,29.75
2021,DrinkVendingMachine_COL,16.0,1.0,31.714285714285715
2021,DrinkVendingMachine_PT,16.0,1.0,48.0
2021,EGFr_PT,16.0,1.0,48.0
2021,ERK_PT,16.0,1.0,47.5
2021,Echo_PT,16.0,1.0,47.77777777777778
2021,Election2020_PT,16.0,1.0,48.0
2021,EnergyBus_PT,16.0,1.0,48.0
2021,Eratosthenes_PT,16.0,1.0,48.0
2021,FMS_PT,16.0,1.0,48.0
2021,FamilyReunion_COL,6.666666666666667,0.4166666666666667,17.416666666666668
2021,FamilyReunion_PT,14.166666666666666,0.8854166666666666,39.833333333333336
2021,FlexibleBarrier_PT,16.0,1.0,46.15
2021,GPPP_PT,15.058823529411764,0.9411764705882353,43.8235294117647
2021,GPUForwardProgress_PT,16.0,1.0,48.0
2021,GlobalResAllocation_COL,16.0,1.0,28.428571428571427
2021,GlobalResAllocation_PT,16.0,1.0,48.0
2021,HealthRecord_PT,16.0,1.0,48.0
2021,HexagonalGrid_PT,16.0,1.0,47.142857142857146
2021,HirschbergSinclair_PT,16.0,1.0,48.0
2021,HospitalTriage_PT,16.0,1.0,48.0
2021,HouseConstruction_PT,16.0,1.0,45.42857142857143
2021,HypercubeGrid_PT,15.333333333333334,0.9583333333333334,41.333333333333336
2021,HypertorusGrid_PT,16.0,1.0,45.5
2021,IBM319_PT,16.0,1.0,48.0
2021,IBM5964_PT,16.0,1.0,48.0
2021,IBM703_PT,16.0,1.0,48.0
2021,IBMB2S565S3960_PT,16.0,1.0,48.0
2021,IOTPpurchase_PT,16.0,1.0,48.0
2021,JoinFreeModules_PT,14.833333333333334,0.9270833333333334,36.666666666666664
2021,Kanban_PT,16.0,1.0,47.69230769230769
2021,LamportFastMutEx_COL,16.0,1.0,41.857142857142854
2021,LamportFastMutEx_PT,16.0,1.0,45.142857142857146
2021,LeafsetExtension_PT,16.0,1.0,48.0
2021,MAPK_PT,16.0,1.0,47.09090909090909
2021,MAPKbis_PT,16.0,1.0,48.0
2021,MultiCrashLeafsetExtension_PT,14.793103448275861,0.9245689655172413,32.3448275862069
2021,MultiwaySync_PT,16.0,1.0,48.0
2021,NQueens_PT,16.0,1.0,48.0
2021,NeighborGrid_PT,16.0,1.0,48.0
2021,NeoElection_COL,16.0,1.0,48.0
2021,NeoElection_PT,16.0,1.0,48.0
2021,NoC3x3_PT,16.0,1.0,45.625
2021,PaceMaker_PT,16.0,1.0,48.0
2021,ParamProductionCell_PT,16.0,1.0,48.0
2021,Parking_PT,16.0,1.0,48.0
2021,PermAdmissibility_COL,16.0,1.0,48.0
2021,PermAdmissibility_PT,16.0,1.0,44.166666666666664
2021,Peterson_COL,15.333333333333334,0.9583333333333334,44.833333333333336
2021,Peterson_PT,15.166666666666666,0.9479166666666666,43.833333333333336
2021,PhaseVariation_PT,16.0,1.0,48.0
2021,PhilosophersDyn_COL,10.2,0.6375,23.2
2021,PhilosophersDyn_PT,16.0,1.0,40.333333333333336
2021,Philosophers_COL,14.23076923076923,0.8894230769230769,35.30769230769231
2021,Philosophers_PT,15.545454545454545,0.9715909090909091,44.0
2021,Planning_PT,8.0,0.5,24.0
2021,PolyORBLF_COL,15.944444444444445,0.9965277777777778,34.0
2021,PolyORBLF_PT,15.666666666666666,0.9791666666666666,31.166666666666668
2021,PolyORBNT_COL,15.4,0.9625,39.9
2021,PolyORBNT_PT,15.4,0.9625,42.3
2021,ProductionCell_PT,16.0,1.0,48.0
2021,QuasiCertifProtocol_COL,16.0,1.0,48.0
2021,QuasiCertifProtocol_PT,16.0,1.0,48.0
2021,RERS17pb113_PT,10.333333333333334,0.6458333333333334,11.222222222222221
2021,RERS17pb114_PT,5.333333333333333,0.3333333333333333,5.777777777777778
2021,RERS17pb115_PT,4.333333333333333,0.2708333333333333,4.888888888888889
2021,Raft_PT,16.0,1.0,48.0
2021,Railroad_PT,16.0,1.0,47.8
2021,Referendum_COL,16.0,1.0,48.0
2021,Referendum_PT,16.0,1.0,48.0
2021,RefineWMG_PT,16.0,1.0,48.0
2021,ResAllocation_PT,16.0,1.0,48.0
2021,Ring_PT,16.0,1.0,48.0
2021,RobotManipulation_PT,16.0,1.0,46.30769230769231
2021,RwMutex_PT,16.0,1.0,48.0
2021,SafeBus_COL,13.714285714285714,0.8571428571428571,34.714285714285715
2021,SafeBus_PT,14.8,0.925,42.2
2021,SatelliteMemory_PT,16.0,1.0,48.0
2021,SemanticWebServices_PT,1.9333333333333333,0.12083333333333333,5.8
2021,ServersAndClients_PT,16.0,1.0,48.0
2021,SharedMemory_COL,12.285714285714286,0.7678571428571429,23.857142857142858
2021,SharedMemory_PT,16.0,1.0,43.666666666666664
2021,ShieldIIPs_PT,16.0,1.0,47.86363636363637
2021,ShieldIIPt_PT,16.0,1.0,47.81818181818182
2021,ShieldPPPs_PT,16.0,1.0,47.77272727272727
2021,ShieldPPPt_PT,16.0,1.0,47.63636363636363
2021,ShieldRVs_PT,16.0,1.0,48.0
2021,ShieldRVt_PT,16.0,1.0,47.09090909090909
2021,SimpleLoadBal_PT,16.0,1.0,47.2
2021,SmallOperatingSystem_PT,16.0,1.0,48.0
2021,SmartHome_PT,16.0,1.0,48.0
2021,Solitaire_PT,16.0,1.0,48.0
2021,SquareGrid_PT,16.0,1.0,45.8
2021,Sudoku_COL,16.0,1.0,44.45
2021,Sudoku_PT,16.0,1.0,48.0
2021,SwimmingPool_PT,16.0,1.0,48.0
2021,TCPcondis_PT,16.0,1.0,48.0
2021,TokenRing_COL,16.0,1.0,38.4
2021,TokenRing_PT,16.0,1.0,43.42857142857143
2021,TriangularGrid_PT,16.0,1.0,47.875
2021,TwoPhaseLocking_PT,16.0,1.0,48.0
2021,UtahNoC_PT,16.0,1.0,48.0
2021,UtilityControlRoom_COL,16.0,1.0,17.235294117647058
2021,UtilityControlRoom_PT,16.0,1.0,48.0
2021,Vasy2003_PT,16.0,1.0,48.0
2021,VehicularWifi_COL,10.0,0.625,20.0
2021,ViralEpidemic_PT,16.0,1.0,48.0
2022,ARMCacheCoherence_PT,16.0,1.0,48.0
2022,ASLink_PT,15.0,0.9375,41.15
2022,AirplaneLD_COL,16.0,1.0,48.0
2022,AirplaneLD_PT,16.0,1.0,48.0
2022,Angiogenesis_PT,16.0,1.0,48.0
2022,AutoFlight_PT,16.0,1.0,47.4
2022,AutonomousCar_PT,16.0,1.0,48.0
2022,BART_COL,16.0,1.0,48.0
2022,BART_PT,16.0,1.0,48.0
2022,BridgeAndVehicles_COL,16.0,1.0,47.3
2022,BridgeAndVehicles_PT,16.0,1.0,47.0
2022,BugTracking_PT,12.125,0.7578125,36.25
2022,BusinessProcesses_PT,16.0,1.0,48.0
2022,CANConstruction_PT,16.0,1.0,48.0
2022,CANInsertWithFailure_PT,4.0,0.25,10.727272727272727
2022,CSRepetitions_COL,16.0,1.0,47.333333333333336
2022,CSRepetitions_PT,16.0,1.0,48.0
2022,CircadianClock_PT,16.0,1.0,47.833333333333336
2022,CircularTrains_PT,16.0,1.0,48.0
2022,ClientsAndServers_PT,16.0,1.0,47.45
2022,CloudDeployment_PT,16.0,1.0,48.0
2022,CloudOpsManagement_PT,16.0,1.0,48.0
2022,CloudReconfiguration_PT,16.0,1.0,48.0
2022,DBSingleClientW_PT,15.904761904761905,0.9940476190476191,47.142857142857146
2022,DES_PT,16.0,1.0,48.0
2022,DLCflexbar_PT,16.0,1.0,48.0
2022,DLCround_PT,16.0,1.0,48.0
2022,DLCshifumi_PT,16.0,1.0,48.0
2022,DNAwalker_PT,15.333333333333334,0.9583333333333334,46.0
2022,DatabaseWithMutex_COL,15.8,0.9875,46.6
2022,DatabaseWithMutex_PT,15.8,0.9875,47.4
2022,Dekker_PT,16.0,1.0,48.0
2022,Diffusion2D_PT,16.0,1.0,47.13793103448276
2022,DiscoveryGPU_PT,16.0,1.0,48.0
2022,DoubleExponent_PT,11.125,0.6953125,26.875
2022,DoubleLock_PT,13.625,0.8515625,38.25
2022,DrinkVendingMachine_COL,16.0,1.0,44.714285714285715
2022,DrinkVendingMachine_PT,16.0,1.0,48.0
2022,EGFr_PT,16.0,1.0,48.0
2022,ERK_PT,16.0,1.0,48.0
2022,Echo_PT,16.0,1.0,48.0
2022,Election2020_PT,16.0,1.0,48.0
2022,EnergyBus_PT,16.0,1.0,48.0
2022,Eratosthenes_PT,16.0,1.0,48.0
2022,FMS_PT,16.0,1.0,47.57142857142857
2022,FamilyReunion_COL,6.75,0.421875,19.166666666666668
2022,FamilyReunion_PT,14.0,0.875,39.0
2022,FlexibleBarrier_PT,16.0,1.0,48.0
2022,FunctionPointer_PT,9.523809523809524,0.5952380952380952,27.0
2022,GPPP_PT,16.0,1.0,46.11764705882353
2022,GPUForwardProgress_PT,16.0,1.0,48.0
2022,GlobalResAllocation_COL,16.0,1.0,47.142857142857146
2022,GlobalResAllocation_PT,16.0,1.0,48.0
2022,HealthRecord_PT,16.0,1.0,48.0
2022,HexagonalGrid_PT,16.0,1.0,47.0
2022,HirschbergSinclair_PT,16.0,1.0,48.0
2022,HospitalTriage_PT,16.0,1.0,48.0
2022,HouseConstruction_PT,16.0,1.0,47.42857142857143
2022,HypercubeGrid_PT,14.333333333333334,0.8958333333333334,40.333333333333336
2022,HypertorusGrid_PT,15.0,0.9375,43.5
2022,IBM319_PT,16.0,1.0,48.0
2022,IBM5964_PT,16.0,1.0,48.0
2022,IBM703_PT,16.0,1.0,48.0
2022,IBMB2S565S3960_PT,16.0,1.0,48.0
2022,IOTPpurchase_PT,16.0,1.0,48.0
2022,JoinFreeModules_PT,14.833333333333334,0.9270833333333334,41.333333333333336
2022,Kanban_PT,16.0,1.0,47.92307692307692
2022,LamportFastMutEx_COL,15.714285714285714,0.9821428571428571,44.57142857142857
2022,LamportFastMutEx_PT,16.0,1.0,46.857142857142854
2022,LeafsetExtension_PT,16.0,1.0,48.0
2022,MAPK_PT,16.0,1.0,46.54545454545455
2022,MAPKbis_PT,16.0,1.0,48.0
2022,Medical_PT,15.833333333333334,0.9895833333333334,45.166666666666664
2022,MultiCrashLeafsetExtension_PT,14.758620689655173,0.9224137931034483,42.06896551724138
2022,MultiwaySync_PT,16.0,1.0,48.0
2022,NQueens_PT,16.0,1.0,48.0
2022,NeighborGrid_PT,16.0,1.0,48.0
2022,NeoElection_COL,16.0,1.0,48.0
2022,NeoElection_PT,16.0,1.0,48.0
2022,NoC3x3_PT,16.0,1.0,46.8125
2022,PaceMaker_PT,16.0,1.0,48.0
2022,ParamProductionCell_PT,16.0,1.0,48.0
2022,Parking_PT,16.0,1.0,48.0
2022,PermAdmissibility_COL,16.0,1.0,48.0
2022,PermAdmissibility_PT,16.0,1.0,44.833333333333336
2022,Peterson_COL,15.5,0.96875,43.833333333333336
2022,Peterson_PT,15.666666666666666,0.9791666666666666,44.666666666666664
2022,PhaseVariation_PT,16.0,1.0,48.0
2022,PhilosophersDyn_COL,10.4,0.65,26.0
2022,PhilosophersDyn_PT,16.0,1.0,42.666666666666664
2022,Philosophers_COL,13.076923076923077,0.8173076923076923,36.61538461538461
2022,Philosophers_PT,15.363636363636363,0.9602272727272727,45.27272727272727
2022,Planning_PT,10.0,0.625,30.0
2022,PolyORBLF_COL,15.944444444444445,0.9965277777777778,45.44444444444444
2022,PolyORBLF_PT,15.61111111111111,0.9756944444444444,41.5
2022,PolyORBNT_COL,15.6,0.975,45.0
2022,PolyORBNT_PT,15.5,0.96875,44.5
2022,ProductionCell_PT,16.0,1.0,48.0
2022,QuasiCertifProtocol_COL,16.0,1.0,48.0
2022,QuasiCertifProtocol_PT,16.0,1.0,48.0
2022,RERS17pb113_PT,10.666666666666666,0.6666666666666666,19.555555555555557
2022,RERS17pb114_PT,6.222222222222222,0.3888888888888889,12.0
2022,RERS17pb115_PT,6.555555555555555,0.4097222222222222,12.555555555555555
2022,RERS2020_PT,13.0,0.8125,29.444444444444443
2022,Raft_PT,16.0,1.0,48.0
2022,Railroad_PT,16.0,1.0,48.0
2022,Referendum_COL,16.0,1.0,48.0
2022,Referendum_PT,16.0,1.0,48.0
2022,RefineWMG_PT,16.0,1.0,48.0
2022,ResAllocation_PT,16.0,1.0,48.0
2022,RingSingleMessageInMbox_PT,14.666666666666666,0.9166666666666666,42.166666666666664
2022,Ring_PT,16.0,1.0,48.0
2022,RobotManipulation_PT,16.0,1.0,45.84615384615385
2022,RwMutex_PT,16.0,1.0,48.0
2022,SafeBus_COL,14.571428571428571,0.9107142857142857,40.714285714285715
2022,SafeBus_PT,15.2,0.95,44.2
2022,SatelliteMemory_PT,16.0,1.0,48.0
2022,SemanticWebServices_PT,2.066666666666667,0.12916666666666668,6.2
2022,ServersAndClients_PT,16.0,1.0,48.0
2022,SharedMemory_COL,12.285714285714286,0.7678571428571429,33.785714285714285
2022,SharedMemory_PT,16.0,1.0,46.833333333333336
2022,ShieldIIPs_PT,16.0,1.0,47.86363636363637
2022,ShieldIIPt_PT,16.0,1.0,47.59090909090909
2022,ShieldPPPs_PT,16.0,1.0,47.77272727272727
2022,ShieldPPPt_PT,16.0,1.0,47.63636363636363
2022,ShieldRVs_PT,16.0,1.0,48.0
2022,ShieldRVt_PT,16.0,1.0,47.18181818181818
2022,SieveSingleMsgMbox_PT,16.0,1.0,47.5
2022,SimpleLoadBal_PT,16.0,1.0,48.0
2022,SmallOperatingSystem_PT,16.0,1.0,48.0
2022,SmartHome_PT,16.0,1.0,48.0
2022,Solitaire_PT,16.0,1.0,48.0
2022,SquareGrid_PT,16.0,1.0,44.6
2022,StigmergyCommit_PT,15.4,0.9625,44.35
2022,StigmergyElection_PT,16.0,1.0,47.25
2022,Sudoku_COL,15.3,0.95625,43.9
2022,Sudoku_PT,15.85,0.990625,46.1
2022,SwimmingPool_PT,16.0,1.0,48.0
2022,Szymanski_PT,15.583333333333334,0.9739583333333334,44.333333333333336
2022,TCPcondis_PT,16.0,1.0,46.666666666666664
2022,TokenRing_COL,16.0,1.0,48.0
2022,TokenRing_PT,16.0,1.0,48.0
2022,TriangularGrid_PT,16.0,1.0,48.0
2022,TwoPhaseLocking_PT,16.0,1.0,47.54545454545455
2022,UtahNoC_PT,16.0,1.0,48.0
2022,UtilityControlRoom_COL,16.0,1.0,46.588235294117645
2022,UtilityControlRoom_PT,16.0,1.0,48.0
2022,Vasy2003_PT,16.0,1.0,48.0
2022,VehicularWifi_COL,11.0,0.6875,25.0
2022,ViralEpidemic_PT,16.0,1.0,48.0
2023,ARMCacheCoherence_PT,16.0,1.0,48.0
2023,ASLink_PT,15.4,0.9625,45.25
2023,AirplaneLD_COL,16.0,1.0,48.0
2023,AirplaneLD_PT,16.0,1.0,48.0
2023,Anderson_PT,16.0,1.0,47.77777777777778
2023,Angiogenesis_PT,16.0,1.0,47.857142857142854
2023,AutoFlight_PT,16.0,1.0,48.0
2023,AutonomousCar_PT,16.0,1.0,48.0
2023,BART_COL,16.0,1.0,48.0
2023,BART_PT,16.0,1.0,48.0
2023,BridgeAndVehicles_COL,16.0,1.0,47.45
2023,BridgeAndVehicles_PT,16.0,1.0,47.65
2023,BugTracking_PT,12.1875,0.76171875,36.5625
2023,BusinessProcesses_PT,16.0,1.0,48.0
2023,CANConstruction_PT,16.0,1.0,48.0
2023,CANInsertWithFailure_PT,3.727272727272727,0.23295454545454544,10.090909090909092
2023,CSRepetitions_COL,16.0,1.0,48.0
2023,CSRepetitions_PT,16.0,1.0,48.0
2023,CircadianClock_PT,16.0,1.0,48.0
2023,CircularTrains_PT,16.0,1.0,48.0
2023,ClientsAndServers_PT,16.0,1.0,48.0
2023,CloudDeployment_PT,16.0,1.0,48.0
2023,CloudOpsManagement_PT,16.0,1.0,48.0
2023,CloudReconfiguration_PT,16.0,1.0,48.0
2023,CryptoMiner_COL,16.0,1.0,41.111111111111114
2023,CryptoMiner_PT,12.777777777777779,0.7986111111111112,38.333333333333336
2023,DBSingleClientW_PT,16.0,1.0,47.714285714285715
2023,DES_PT,16.0,1.0,48.0
2023,DLCflexbar_PT,16.0,1.0,48.0
2023,DLCround_PT,16.0,1.0,48.0
2023,DLCshifumi_PT,16.0,1.0,48.0
2023,DNAwalker_PT,15.38888888888889,0.9618055555555556,46.166666666666664
2023,DatabaseWithMutex_COL,16.0,1.0,47.6
2023,DatabaseWithMutex_PT,16.0,1.0,47.6
2023,Dekker_PT,16.0,1.0,48.0
2023,Diffusion2D_PT,16.0,1.0,48.0
2023,DiscoveryGPU_PT,16.0,1.0,48.0
2023,DoubleExponent_PT,11.625,0.7265625,31.875
2023,DoubleLock_PT,13.625,0.8515625,38.25
2023,DrinkVendingMachine_COL,16.0,1.0,43.42857142857143
2023,DrinkVendingMachine_PT,16.0,1.0,48.0
2023,EGFr_PT,16.0,1.0,48.0
2023,ERK_PT,16.0,1.0,48.0
2023,Echo_PT,16.0,1.0,48.0
2023,EisenbergMcGuire_PT,15.125,0.9453125,44.25
2023,Election2020_PT,16.0,1.0,48.0
2023,EnergyBus_PT,16.0,1.0,48.0
2023,Eratosthenes_PT,16.0,1.0,48.0
2023,FMS_PT,16.0,1.0,48.0
2023,FamilyReunion_COL,6.25,0.390625,18.333333333333332
2023,FamilyReunion_PT,12.666666666666666,0.7916666666666666,36.166666666666664
2023,FlexibleBarrier_PT,16.0,1.0,48.0
2023,FunctionPointer_PT,8.952380952380953,0.5595238095238095,26.523809523809526
2023,GPPP_PT,16.0,1.0,48.0
2023,GPUForwardProgress_PT,16.0,1.0,48.0
2023,GlobalResAllocation_COL,16.0,1.0,42.57142857142857
2023,GlobalResAllocation_PT,16.0,1.0,48.0
2023,HealthRecord_PT,16.0,1.0,48.0
2023,HexagonalGrid_PT,16.0,1.0,48.0
2023,HirschbergSinclair_PT,16.0,1.0,48.0
2023,HospitalTriage_PT,16.0,1.0,48.0
2023,HouseConstruction_PT,16.0,1.0,48.0
2023,HypercubeGrid_PT,16.0,1.0,43.666666666666664
2023,HypertorusGrid_PT,16.0,1.0,45.5
2023,IBM319_PT,16.0,1.0,48.0
2023,IBM5964_PT,16.0,1.0,48.0
2023,IBM703_PT,16.0,1.0,48.0
2023,IBMB2S565S3960_PT,16.0,1.0,48.0
2023,IOTPpurchase_PT,16.0,1.0,48.0
2023,JoinFreeModules_PT,14.333333333333334,0.8958333333333334,40.25
2023,Kanban_PT,16.0,1.0,48.0
2023,LamportFastMutEx_COL,15.714285714285714,0.9821428571428571,44.714285714285715
2023,LamportFastMutEx_PT,15.857142857142858,0.9910714285714286,46.142857142857146
2023,LeafsetExtension_PT,16.0,1.0,48.0
2023,MAPK_PT,16.0,1.0,48.0
2023,MAPKbis_PT,16.0,1.0,48.0
2023,Medical_PT,15.666666666666666,0.9791666666666666,45.416666666666664
2023,MultiCrashLeafsetExtension_PT,14.586206896551724,0.9116379310344828,42.206896551724135
2023,MultiwaySync_PT,16.0,1.0,48.0
2023,Murphy_COL,16.0,1.0,48.0
2023,Murphy_PT,16.0,1.0,48.0
2023,NQueens_PT,16.0,1.0,48.0
2023,NeighborGrid_PT,16.0,1.0,48.0
2023,NeoElection_COL,16.0,1.0,48.0
2023,NeoElection_PT,16.0,1.0,48.0
2023,NoC3x3_PT,16.0,1.0,47.5625
2023,PGCD_COL,16.0,1.0,48.0
2023,PGCD_PT,16.0,1.0,48.0
2023,PaceMaker_PT,16.0,1.0,48.0
2023,ParamProductionCell_PT,16.0,1.0,48.0
2023,Parking_PT,16.0,1.0,48.0
2023,PermAdmissibility_COL,16.0,1.0,48.0
2023,PermAdmissibility_PT,16.0,1.0,48.0
2023,Peterson_COL,15.833333333333334,0.9895833333333334,46.333333333333336
2023,Peterson_PT,15.666666666666666,0.9791666666666666,45.833333333333336
2023,PhaseVariation_PT,16.0,1.0,48.0
2023,PhilosophersDyn_COL,7.0,0.4375,21.0
2023,PhilosophersDyn_PT,16.0,1.0,42.0
2023,Philosophers_COL,14.615384615384615,0.9134615384615384,41.76923076923077
2023,Philosophers_PT,16.0,1.0,47.18181818181818
2023,Planning_PT,11.0,0.6875,33.0
2023,PolyORBLF_COL,15.833333333333334,0.9895833333333334,45.611111111111114
2023,PolyORBLF_PT,15.777777777777779,0.9861111111111112,42.77777777777778
2023,PolyORBNT_COL,15.1,0.94375,44.8
2023,PolyORBNT_PT,14.9,0.93125,44.2
2023,ProductionCell_PT,16.0,1.0,48.0
2023,QuasiCertifProtocol_COL,16.0,1.0,48.0
2023,QuasiCertifProtocol_PT,16.0,1.0,48.0
2023,RERS17pb113_PT,11.444444444444445,0.7152777777777778,22.0
2023,RERS17pb114_PT,6.444444444444445,0.4027777777777778,12.666666666666666
2023,RERS17pb115_PT,5.555555555555555,0.3472222222222222,10.666666666666666
2023,RERS2020_PT,10.777777777777779,0.6736111111111112,25.666666666666668
2023,Raft_PT,16.0,1.0,48.0
2023,Railroad_PT,16.0,1.0,48.0
2023,Referendum_COL,16.0,1.0,48.0
2023,Referendum_PT,16.0,1.0,48.0
2023,RefineWMG_PT,16.0,1.0,48.0
2023,ResAllocation_PT,16.0,1.0,48.0
2023,RingSingleMessageInMbox_PT,15.0,0.9375,42.166666666666664
2023,Ring_PT,16.0,1.0,48.0
2023,RobotManipulation_PT,16.0,1.0,48.0
2023,RwMutex_PT,16.0,1.0,48.0
2023,SafeBus_COL,14.428571428571429,0.9017857142857143,41.0
2023,SafeBus_PT,15.0,0.9375,44.8
2023,SatelliteMemory_PT,16.0,1.0,48.0
2023,SemanticWebServices_PT,1.4,0.0875,4.2
2023,ServersAndClients_PT,16.0,1.0,48.0
2023,SharedMemory_COL,11.642857142857142,0.7276785714285714,33.142857142857146
2023,SharedMemory_PT,16.0,1.0,46.333333333333336
2023,ShieldIIPs_PT,16.0,1.0,48.0
2023,ShieldIIPt_PT,16.0,1.0,48.0
2023,ShieldPPPs_PT,16.0,1.0,48.0
2023,ShieldPPPt_PT,16.0,1.0,48.0
2023,ShieldRVs_PT,16.0,1.0,48.0
2023,ShieldRVt_PT,16.0,1.0,48.0
2023,SieveSingleMsgMbox_PT,16.0,1.0,47.77777777777778
2023,SimpleLoadBal_PT,16.0,1.0,47.8
2023,SmallOperatingSystem_PT,16.0,1.0,48.0
2023,SmartHome_PT,16.0,1.0,48.0
2023,Solitaire_PT,16.0,1.0,48.0
2023,SquareGrid_PT,16.0,1.0,48.0
2023,StigmergyCommit_PT,15.4,0.9625,44.7
2023,StigmergyElection_PT,16.0,1.0,47.2
2023,Sudoku_COL,15.75,0.984375,47.15
2023,Sudoku_PT,16.0,1.0,47.8
2023,SwimmingPool_PT,16.0,1.0,48.0
2023,Szymanski_PT,15.916666666666666,0.9947916666666666,47.166666666666664
2023,TCPcondis_PT,16.0,1.0,48.0
2023,TokenRing_COL,16.0,1.0,48.0
2023,TokenRing_PT,16.0,1.0,48.0
2023,TriangularGrid_PT,16.0,1.0,48.0
2023,TwoPhaseLocking_PT,16.0,1.0,48.0
2023,UtahNoC_PT,16.0,1.0,48.0
2023,UtilityControlRoom_COL,16.0,1.0,48.0
2023,UtilityControlRoom_PT,16.0,1.0,48.0
2023,Vasy2003_PT,16.0,1.0,48.0
2023,VehicularWifi_COL,11.0,0.6875,30.0
2023,ViralEpidemic_PT,16.0,1.0,48.0
2024,ARMCacheCoherence_PT,16.0,1.0,48.0
2024,ASLink_PT,16.0,1.0,45.0
2024,AirplaneLD_COL,16.0,1.0,48.0
2024,AirplaneLD_PT,16.0,1.0,48.0
2024,Anderson_PT,16.0,1.0,48.0
2024,Angiogenesis_PT,16.0,1.0,47.714285714285715
2024,AutoFlight_PT,16.0,1.0,48.0
2024,AutonomousCar_PT,16.0,1.0,48.0
2024,BART_COL,16.0,1.0,48.0
2024,BART_PT,16.0,1.0,48.0
2024,BridgeAndVehicles_COL,15.5,0.96875,46.3
2024,BridgeAndVehicles_PT,15.65,0.978125,46.95
2024,BugTracking_PT,15.5,0.96875,34.0625
2024,BusinessProcesses_PT,16.0,1.0,48.0
2024,CANConstruction_PT,16.0,1.0,48.0
2024,CANInsertWithFailure_PT,3.727272727272727,0.23295454545454544,10.090909090909092
2024,CSRepetitions_COL,16.0,1.0,48.0
2024,CSRepetitions_PT,16.0,1.0,48.0
2024,CircadianClock_PT,16.0,1.0,48.0
2024,CircularTrains_PT,16.0,1.0,48.0
2024,ClientsAndServers_PT,16.0,1.0,48.0
2024,CloudDeployment_PT,16.0,1.0,48.0
2024,CloudOpsManagement_PT,16.0,1.0,48.0
2024,CloudReconfiguration_PT,16.0,1.0,48.0
2024,CryptoMiner_COL,16.0,1.0,42.888888888888886
2024,CryptoMiner_PT,16.0,1.0,42.666666666666664
2024,DBSingleClientW_PT,16.0,1.0,47.61904761904762
2024,DES_PT,16.0,1.0,48.0
2024,DLCflexbar_PT,16.0,1.0,48.0
2024,DLCround_PT,16.0,1.0,48.0
2024,DLCshifumi_PT,16.0,1.0,48.0
2024,DNAwalker_PT,16.0,1.0,46.666666666666664
2024,DatabaseWithMutex_COL,16.0,1.0,46.8
2024,DatabaseWithMutex_PT,16.0,1.0,47.2
2024,Dekker_PT,16.0,1.0,48.0
2024,Diffusion2D_PT,16.0,1.0,48.0
2024,DiscoveryGPU_PT,16.0,1.0,48.0
2024,DoubleExponent_PT,11.125,0.6953125,28.75
2024,DoubleLock_PT,14.0,0.875,34.25
2024,DrinkVendingMachine_COL,16.0,1.0,42.142857142857146
2024,DrinkVendingMachine_PT,16.0,1.0,48.0
2024,EGFr_PT,16.0,1.0,48.0
2024,ERK_PT,16.0,1.0,48.0
2024,Echo_PT,16.0,1.0,48.0
2024,EisenbergMcGuire_PT,15.875,0.9921875,43.0
2024,Election2020_PT,16.0,1.0,48.0
2024,EnergyBus_PT,16.0,1.0,48.0
2024,Eratosthenes_PT,16.0,1.0,48.0
2024,FMS_PT,16.0,1.0,48.0
2024,FamilyReunion_COL,7.333333333333333,0.4583333333333333,20.083333333333332
2024,FamilyReunion_PT,12.5,0.78125,34.333333333333336
2024,FlexibleBarrier_PT,16.0,1.0,48.0
2024,FunctionPointer_PT,11.428571428571429,0.7142857142857143,24.952380952380953
2024,GPPP_PT,16.0,1.0,46.94117647058823
2024,GPUForwardProgress_PT,16.0,1.0,48.0
2024,GlobalResAllocation_COL,16.0,1.0,44.285714285714285
2024,GlobalResAllocation_PT,16.0,1.0,48.0
2024,HealthRecord_PT,16.0,1.0,48.0
2024,HexagonalGrid_PT,16.0,1.0,47.57142857142857
2024,HirschbergSinclair_PT,16.0,1.0,48.0
2024,HospitalTriage_PT,16.0,1.0,48.0
2024,HouseConstruction_PT,16.0,1.0,48.0
2024,HypercubeGrid_PT,15.0,0.9375,40.666666666666664
2024,HypertorusGrid_PT,15.666666666666666,0.9791666666666666,44.833333333333336
2024,IBM319_PT,16.0,1.0,48.0
2024,IBM5964_PT,16.0,1.0,48.0
2024,IBM703_PT,16.0,1.0,48.0
2024,IBMB2S565S3960_PT,16.0,1.0,48.0
2024,IOTPpurchase_PT,16.0,1.0,48.0
2024,JoinFreeModules_PT,14.333333333333334,0.8958333333333334,39.333333333333336
2024,Kanban_PT,16.0,1.0,48.0
2024,LamportFastMutEx_COL,15.571428571428571,0.9732142857142857,44.42857142857143
2024,LamportFastMutEx_PT,15.857142857142858,0.9910714285714286,45.857142857142854
2024,LeafsetExtension_PT,16.0,1.0,48.0
2024,MAPK_PT,16.0,1.0,48.0
2024,MAPKbis_PT,16.0,1.0,48.0
2024,Medical_PT,16.0,1.0,44.416666666666664
2024,MultiCrashLeafsetExtension_PT,13.89655172413793,0.8685344827586207,38.724137931034484
2024,MultiwaySync_PT,16.0,1.0,48.0
2024,Murphy_COL,16.0,1.0,46.5
2024,Murphy_PT,16.0,1.0,43.5
2024,NQueens_PT,16.0,1.0,48.0
2024,NeighborGrid_PT,16.0,1.0,48.0
2024,NeoElection_COL,16.0,1.0,48.0
2024,NeoElection_PT,16.0,1.0,48.0
2024,NoC3x3_PT,16.0,1.0,47.875
2024,PGCD_COL,16.0,1.0,48.0
2024,PGCD_PT,16.0,1.0,48.0
2024,PaceMaker_PT,16.0,1.0,48.0
2024,ParamProductionCell_PT,16.0,1.0,48.0
2024,Parking_PT,16.0,1.0,48.0
2024,PermAdmissibility_COL,16.0,1.0,48.0
2024,PermAdmissibility_PT,16.0,1.0,46.666666666666664
2024,Peterson_COL,15.0,0.9375,43.833333333333336
2024,Peterson_PT,14.833333333333334,0.9270833333333334,43.333333333333336
2024,PhaseVariation_PT,16.0,1.0,48.0
2024,PhilosophersDyn_COL,7.8,0.4875,23.4
2024,PhilosophersDyn_PT,16.0,1.0,43.333333333333336
2024,Philosophers_COL,13.0,0.8125,38.38461538461539
2024,Philosophers_PT,15.363636363636363,0.9602272727272727,44.90909090909091
2024,Planning_PT,16.0,1.0,34.0
2024,PolyORBLF_COL,16.0,1.0,45.5
2024,PolyORBLF_PT,15.555555555555555,0.9722222222222222,43.0
2024,PolyORBNT_COL,15.2,0.95,44.5
2024,PolyORBNT_PT,15.2,0.95,44.6
2024,ProductionCell_PT,16.0,1.0,48.0
2024,QuasiCertifProtocol_COL,16.0,1.0,48.0
2024,QuasiCertifProtocol_PT,16.0,1.0,48.0
2024,RERS17pb113_PT,12.666666666666666,0.7916666666666666,23.444444444444443
2024,RERS17pb114_PT,4.666666666666667,0.2916666666666667,8.666666666666666
2024,RERS17pb115_PT,5.444444444444445,0.3402777777777778,10.333333333333334
2024,RERS2020_PT,9.444444444444445,0.5902777777777778,20.11111111111111
2024,Raft_PT,16.0,1.0,48.0
2024,Railroad_PT,16.0,1.0,48.0
2024,Referendum_COL,16.0,1.0,48.0
2024,Referendum_PT,16.0,1.0,48.0
2024,RefineWMG_PT,16.0,1.0,48.0
2024,ResAllocation_PT,16.0,1.0,48.0
2024,RingSingleMessageInMbox_PT,14.333333333333334,0.8958333333333334,39.5
2024,Ring_PT,16.0,1.0,48.0
2024,RobotManipulation_PT,16.0,1.0,48.0
2024,RwMutex_PT,16.0,1.0,48.0
2024,SafeBus_COL,15.0,0.9375,43.142857142857146
2024,SafeBus_PT,15.8,0.9875,47.2
2024,SatelliteMemory_PT,16.0,1.0,48.0
2024,SemanticWebServices_PT,16.0,1.0,19.2
2024,ServersAndClients_PT,16.0,1.0,48.0
2024,SharedMemory_COL,12.142857142857142,0.7589285714285714,34.357142857142854
2024,SharedMemory_PT,16.0,1.0,46.666666666666664
2024,ShieldIIPs_PT,16.0,1.0,48.0
2024,ShieldIIPt_PT,16.0,1.0,48.0
2024,ShieldPPPs_PT,16.0,1.0,47.86363636363637
2024,ShieldPPPt_PT,16.0,1.0,48.0
2024,ShieldRVs_PT,16.0,1.0,48.0
2024,ShieldRVt_PT,16.0,1.0,48.0
2024,SieveSingleMsgMbox_PT,15.944444444444445,0.9965277777777778,47.27777777777778
2024,SimpleLoadBal_PT,16.0,1.0,47.8
2024,SmallOperatingSystem_PT,16.0,1.0,48.0
2024,SmartHome_PT,16.0,1.0,48.0
2024,Solitaire_PT,16.0,1.0,48.0
2024,SquareGrid_PT,16.0,1.0,48.0
2024,StigmergyCommit_PT,16.0,1.0,45.45
2024,StigmergyElection_PT,16.0,1.0,47.25
2024,Sudoku_COL,16.0,1.0,46.3
2024,Sudoku_PT,16.0,1.0,46.2
2024,SwimmingPool_PT,16.0,1.0,48.0
2024,Szymanski_PT,15.75,0.984375,44.0
2024,TCPcondis_PT,16.0,1.0,48.0
2024,TokenRing_COL,16.0,1.0,48.0
2024,TokenRing_PT,16.0,1.0,48.0
2024,TriangularGrid_PT,16.0,1.0,48.0
2024,TwoPhaseLocking_PT,16.0,1.0,48.0
2024,UtahNoC_PT,16.0,1.0,48.0
2024,UtilityControlRoom_COL,16.0,1.0,48.0
2024,UtilityControlRoom_PT,16.0,1.0,48.0
2024,Vasy2003_PT,16.0,1.0,48.0
2024,VehicularWifi_COL,10.0,0.625,26.0
2024,ViralEpidemic_PT,16.0,1.0,48.0
2025,ARMCacheCoherence_PT,16.0,1.0,48.0
2025,ASLink_PT,16.0,1.0,45.15
2025,AirplaneLD_COL,16.0,1.0,48.0
2025,AirplaneLD_PT,16.0,1.0,48.0
2025,Anderson_PT,16.0,1.0,48.0
2025,Angiogenesis_PT,16.0,1.0,47.0
2025,AutoFlight_PT,16.0,1.0,48.0
2025,AutonomousCar_PT,16.0,1.0,48.0
2025,BART_COL,16.0,1.0,48.0
2025,BART_PT,16.0,1.0,48.0
2025,BridgeAndVehicles_COL,15.35,0.959375,45.4
2025,BridgeAndVehicles_PT,15.45,0.965625,45.25
2025,BugTracking_PT,15.75,0.984375,39.75
2025,BusinessProcesses_PT,16.0,1.0,48.0
2025,CANConstruction_PT,16.0,1.0,48.0
2025,CANInsertWithFailure_PT,3.909090909090909,0.24431818181818182,10.636363636363637
2025,CSRepetitions_COL,16.0,1.0,48.0
2025,CSRepetitions_PT,16.0,1.0,48.0
2025,CircadianClock_PT,16.0,1.0,48.0
2025,CircularTrains_PT,16.0,1.0,48.0
2025,ClientsAndServers_PT,16.0,1.0,48.0
2025,CloudDeployment_PT,16.0,1.0,48.0
2025,CloudOpsManagement_PT,16.0,1.0,48.0
2025,CloudReconfiguration_PT,16.0,1.0,48.0
2025,CryptoMiner_COL,16.0,1.0,45.22222222222222
2025,CryptoMiner_PT,16.0,1.0,45.111111111111114
2025,DBSingleClientW_PT,16.0,1.0,47.42857142857143
2025,DES_PT,16.0,1.0,47.9
2025,DLCflexbar_PT,16.0,1.0,48.0
2025,DLCround_PT,16.0,1.0,48.0
2025,DLCshifumi_PT,16.0,1.0,48.0
2025,DNAwalker_PT,15.0,0.9375,41.63636363636363
2025,DatabaseWithMutex_COL,16.0,1.0,46.0
2025,DatabaseWithMutex_PT,16.0,1.0,46.4
2025,Dekker_PT,16.0,1.0,48.0
2025,Diffusion2D_PT,16.0,1.0,48.0
2025,DiscoveryGPU_PT,16.0,1.0,48.0
2025,DoubleExponent_PT,11.75,0.734375,28.875
2025,DoubleLock_PT,13.75,0.859375,36.0
2025,DrinkVendingMachine_COL,16.0,1.0,42.42857142857143
2025,DrinkVendingMachine_PT,16.0,1.0,48.0
2025,EGFr_PT,16.0,1.0,48.0
2025,ERK_PT,16.0,1.0,48.0
2025,Echo_PT,16.0,1.0,48.0
2025,EisenbergMcGuire_PT,16.0,1.0,45.125
2025,Election2020_PT,16.0,1.0,48.0
2025,EnergyBus_PT,16.0,1.0,48.0
2025,Eratosthenes_PT,16.0,1.0,48.0
2025,FMS_PT,16.0,1.0,48.0
2025,FamilyReunion_COL,6.25,0.390625,18.083333333333332
2025,FamilyReunion_PT,11.666666666666666,0.7291666666666666,32.0
2025,FlexibleBarrier_PT,16.0,1.0,48.0
2025,FunctionPointer_PT,12.571428571428571,0.7857142857142857,30.285714285714285
2025,GPPP_PT,16.0,1.0,46.11764705882353
2025,GPUForwardProgress_PT,16.0,1.0,48.0
2025,GlobalResAllocation_COL,16.0,1.0,41.857142857142854
2025,GlobalResAllocation_PT,16.0,1.0,45.5
2025,HealthRecord_PT,16.0,1.0,48.0
2025,HexagonalGrid_PT,16.0,1.0,48.0
2025,HirschbergSinclair_PT,16.0,1.0,48.0
2025,HospitalTriage_PT,16.0,1.0,48.0
2025,HouseConstruction_PT,16.0,1.0,48.0
2025,HypercubeGrid_PT,13.666666666666666,0.8541666666666666,38.333333333333336
2025,HypertorusGrid_PT,14.833333333333334,0.9270833333333334,43.333333333333336
2025,IBM319_PT,16.0,1.0,48.0
2025,IBM5964_PT,16.0,1.0,48.0
2025,IBM703_PT,16.0,1.0,48.0
2025,IBMB2S565S3960_PT,16.0,1.0,48.0
2025,IOTPpurchase_PT,16.0,1.0,48.0
2025,JoinFreeModules_PT,14.416666666666666,0.9010416666666666,39.166666666666664
2025,Kanban_PT,16.0,1.0,48.0
2025,LamportFastMutEx_COL,15.857142857142858,0.9910714285714286,43.285714285714285
2025,LamportFastMutEx_PT,16.0,1.0,46.285714285714285
2025,LeafsetExtension_PT,16.0,1.0,48.0
2025,MAPK_PT,16.0,1.0,48.0
2025,MAPKbis_PT,16.0,1.0,48.0
2025,Medical_PT,16.0,1.0,46.666666666666664
2025,MultiCrashLeafsetExtension_PT,13.724137931034482,0.8577586206896551,36.51724137931034
2025,MultiwaySync_PT,16.0,1.0,48.0
2025,Murphy_COL,16.0,1.0,45.166666666666664
2025,Murphy_PT,16.0,1.0,42.666666666666664
2025,NQueens_PT,16.0,1.0,48.0
2025,NeighborGrid_PT,16.0,1.0,48.0
2025,NeoElection_COL,16.0,1.0,48.0
2025,NeoElection_PT,16.0,1.0,48.0
2025,NoC3x3_PT,16.0,1.0,46.375
2025,PGCD_COL,16.0,1.0,44.285714285714285
2025,PGCD_PT,16.0,1.0,39.857142857142854
2025,PaceMaker_PT,16.0,1.0,46.0
2025,ParamProductionCell_PT,16.0,1.0,48.0
2025,Parking_PT,16.0,1.0,48.0
2025,PermAdmissibility_COL,16.0,1.0,48.0
2025,PermAdmissibility_PT,16.0,1.0,46.5
2025,Peterson_COL,15.166666666666666,0.9479166666666666,44.5
2025,Peterson_PT,15.833333333333334,0.9895833333333334,46.666666666666664
2025,PhaseVariation_PT,16.0,1.0,48.0
2025,PhilosophersDyn_COL,7.4,0.4625,18.4
2025,PhilosophersDyn_PT,16.0,1.0,40.666666666666664
2025,Philosophers_COL,13.538461538461538,0.8461538461538461,40.61538461538461
2025,Philosophers_PT,15.727272727272727,0.9829545454545454,45.63636363636363
2025,Planning_PT,16.0,1.0,38.0
2025,PolyORBLF_COL,15.88888888888889,0.9930555555555556,44.77777777777778
2025,PolyORBLF_PT,15.61111111111111,0.9756944444444444,42.333333333333336
2025,PolyORBNT_COL,15.0,0.9375,44.4
2025,PolyORBNT_PT,14.9,0.93125,44.0
2025,ProductionCell_PT,16.0,1.0,48.0
2025,QuasiCertifProtocol_COL,16.0,1.0,48.0
2025,QuasiCertifProtocol_PT,16.0,1.0,48.0
2025,RERS17pb113_PT,13.777777777777779,0.8611111111111112,25.77777777777778
2025,RERS17pb114_PT,4.222222222222222,0.2638888888888889,7.888888888888889
2025,RERS17pb115_PT,4.222222222222222,0.2638888888888889,8.333333333333334
2025,RERS2020_PT,10.11111111111111,0.6319444444444444,19.11111111111111
2025,Raft_PT,16.0,1.0,48.0
2025,Railroad_PT,16.0,1.0,47.8
2025,Referendum_COL,16.0,1.0,48.0
2025,Referendum_PT,16.0,1.0,48.0
2025,RefineWMG_PT,16.0,1.0,48.0
2025,ResAllocation_PT,16.0,1.0,48.0
2025,RingSingleMessageInMbox_PT,14.333333333333334,0.8958333333333334,39.833333333333336
2025,Ring_PT,16.0,1.0,48.0
2025,RobotManipulation_PT,16.0,1.0,48.0
2025,RwMutex_PT,16.0,1.0,48.0
2025,SafeBus_COL,14.285714285714286,0.8928571428571429,40.142857142857146
2025,SafeBus_PT,15.4,0.9625,45.2
2025,SatelliteMemory_PT,16.0,1.0,48.0
2025,SemanticWebServices_PT,16.0,1.0,33.733333333333334
2025,ServersAndClients_PT,16.0,1.0,48.0
2025,SharedMemory_COL,13.0,0.8125,35.92857142857143
2025,SharedMemory_PT,15.833333333333334,0.9895833333333334,46.166666666666664
2025,ShieldIIPs_PT,16.0,1.0,48.0
2025,ShieldIIPt_PT,16.0,1.0,48.0
2025,ShieldPPPs_PT,16.0,1.0,47.77272727272727
2025,ShieldPPPt_PT,16.0,1.0,47.95454545454545
2025,ShieldRVs_PT,16.0,1.0,48.0
2025,ShieldRVt_PT,16.0,1.0,48.0
2025,SieveSingleMsgMbox_PT,15.944444444444445,0.9965277777777778,46.94444444444444
2025,SimpleLoadBal_PT,16.0,1.0,47.8
2025,SmallOperatingSystem_PT,16.0,1.0,48.0
2025,SmartHome_PT,16.0,1.0,48.0
2025,Solitaire_PT,16.0,1.0,48.0
2025,SquareGrid_PT,16.0,1.0,48.0
2025,StigmergyCommit_PT,15.45,0.965625,44.2
2025,StigmergyElection_PT,16.0,1.0,47.05
2025,Sudoku_COL,15.15,0.946875,43.95
2025,Sudoku_PT,15.2,0.95,45.1
2025,SwimmingPool_PT,16.0,1.0,48.0
2025,Szymanski_PT,15.75,0.984375,41.5
2025,TCPcondis_PT,16.0,1.0,48.0
2025,TokenRing_COL,16.0,1.0,48.0
2025,TokenRing_PT,16.0,1.0,45.714285714285715
2025,TriangularGrid_PT,16.0,1.0,48.0
2025,TwoPhaseLocking_PT,16.0,1.0,48.0
2025,UtahNoC_PT,16.0,1.0,48.0
2025,UtilityControlRoom_COL,16.0,1.0,48.0
2025,UtilityControlRoom_PT,16.0,1.0,48.0
2025,Vasy2003_PT,16.0,1.0,48.0
2025,VehicularWifi_COL,10.0,0.625,28.0
2025,ViralEpidemic_PT,16.0,1.0,48.0
2026,ARMCacheCoherence_PT,16.0,1.0,48.0
2026,ASLink_PT,16.0,1.0,45.15
2026,AirplaneLD_COL,16.0,1.0,48.0
2026,AirplaneLD_PT,16.0,1.0,48.0
2026,Anderson_PT,16.0,1.0,48.0
2026,Angiogenesis_PT,16.0,1.0,47.0
2026,AutoFlight_PT,16.0,1.0,48.0
2026,AutonomousCar_PT,16.0,1.0,48.0
2026,BART_COL,16.0,1.0,48.0
2026,BART_PT,16.0,1.0,48.0
2026,BridgeAndVehicles_COL,15.35,0.959375,45.4
2026,BridgeAndVehicles_PT,15.45,0.965625,45.25
2026,BugTracking_PT,15.75,0.984375,39.75
2026,BusinessProcesses_PT,16.0,1.0,48.0
2026,CANConstruction_PT,16.0,1.0,48.0
2026,CANInsertWithFailure_PT,3.909090909090909,0.24431818181818182,10.636363636363637
2026,CSRepetitions_COL,16.0,1.0,48.0
2026,CSRepetitions_PT,16.0,1.0,48.0
2026,CircadianClock_PT,16.0,1.0,48.0
2026,CircularTrains_PT,16.0,1.0,48.0
2026,ClientsAndServers_PT,16.0,1.0,48.0
2026,CloudDeployment_PT,16.0,1.0,48.0
2026,CloudOpsManagement_PT,16.0,1.0,48.0
2026,CloudReconfiguration_PT,16.0,1.0,48.0
2026,CryptoMiner_COL,16.0,1.0,45.22222222222222
2026,CryptoMiner_PT,16.0,1.0,45.111111111111114
2026,DBSingleClientW_PT,16.0,1.0,47.42857142857143
2026,DES_PT,16.0,1.0,47.9
2026,DLCflexbar_PT,16.0,1.0,48.0
2026,DLCround_PT,16.0,1.0,48.0
2026,DLCshifumi_PT,16.0,1.0,48.0
2026,DNAwalker_PT,15.0,0.9375,41.63636363636363
2026,DatabaseWithMutex_COL,16.0,1.0,46.0
2026,DatabaseWithMutex_PT,16.0,1.0,46.4
2026,Dekker_PT,16.0,1.0,48.0
2026,Diffusion2D_PT,16.0,1.0,48.0
2026,DiscoveryGPU_PT,16.0,1.0,48.0
2026,DoubleExponent_PT,11.75,0.734375,28.875
2026,DoubleLock_PT,13.75,0.859375,36.0
2026,DrinkVendingMachine_COL,16.0,1.0,42.42857142857143
2026,DrinkVendingMachine_PT,16.0,1.0,48.0
2026,EGFr_PT,16.0,1.0,48.0
2026,ERK_PT,16.0,1.0,48.0
2026,Echo_PT,16.0,1.0,48.0
2026,EisenbergMcGuire_PT,16.0,1.0,45.125
2026,Election2020_PT,16.0,1.0,48.0
2026,EnergyBus_PT,16.0,1.0,48.0
2026,Eratosthenes_PT,16.0,1.0,48.0
2026,FMS_PT,16.0,1.0,48.0
2026,FamilyReunion_COL,6.25,0.390625,18.083333333333332
2026,FamilyReunion_PT,11.666666666666666,0.7291666666666666,32.0
2026,FlexibleBarrier_PT,16.0,1.0,48.0
2026,FunctionPointer_PT,12.571428571428571,0.7857142857142857,30.285714285714285
2026,GPPP_PT,16.0,1.0,46.11764705882353
2026,GPUForwardProgress_PT,16.0,1.0,48.0
2026,GlobalResAllocation_COL,16.0,1.0,41.857142857142854
2026,GlobalResAllocation_PT,16.0,1.0,45.5
2026,HealthRecord_PT,16.0,1.0,48.0
2026,HexagonalGrid_PT,16.0,1.0,48.0
2026,HirschbergSinclair_PT,16.0,1.0,48.0
2026,HospitalTriage_PT,16.0,1.0,48.0
2026,HouseConstruction_PT,16.0,1.0,48.0
2026,HypercubeGrid_PT,13.666666666666666,0.8541666666666666,38.333333333333336
2026,HypertorusGrid_PT,14.833333333333334,0.9270833333333334,43.333333333333336
2026,IBM319_PT,16.0,1.0,48.0
2026,IBM5964_PT,16.0,1.0,48.0
2026,IBM703_PT,16.0,1.0,48.0
2026,IBMB2S565S3960_PT,16.0,1.0,48.0
2026,IOTPpurchase_PT,16.0,1.0,48.0
2026,JoinFreeModules_PT,14.416666666666666,0.9010416666666666,39.166666666666664
2026,Kanban_PT,16.0,1.0,48.0
2026,LamportFastMutEx_COL,15.857142857142858,0.9910714285714286,43.285714285714285
2026,LamportFastMutEx_PT,16.0,1.0,46.285714285714285
2026,LeafsetExtension_PT,16.0,1.0,48.0
2026,MAPK_PT,16.0,1.0,48.0
2026,MAPKbis_PT,16.0,1.0,48.0
2026,Medical_PT,16.0,1.0,46.666666666666664
2026,MultiCrashLeafsetExtension_PT,13.724137931034482,0.8577586206896551,36.51724137931034
2026,MultiwaySync_PT,16.0,1.0,48.0
2026,Murphy_COL,16.0,1.0,45.166666666666664
2026,Murphy_PT,16.0,1.0,42.666666666666664
2026,NQueens_PT,16.0,1.0,48.0
2026,NeighborGrid_PT,16.0,1.0,48.0
2026,NeoElection_COL,16.0,1.0,48.0
2026,NeoElection_PT,16.0,1.0,48.0
2026,NoC3x3_PT,16.0,1.0,46.375
2026,PGCD_COL,16.0,1.0,44.285714285714285
2026,PGCD_PT,16.0,1.0,39.857142857142854
2026,PaceMaker_PT,16.0,1.0,46.0
2026,ParamProductionCell_PT,16.0,1.0,48.0
2026,Parking_PT,16.0,1.0,48.0
2026,PermAdmissibility_COL,16.0,1.0,48.0
2026,PermAdmissibility_PT,16.0,1.0,46.5
2026,Peterson_COL,15.166666666666666,0.9479166666666666,44.5
2026,Peterson_PT,15.833333333333334,0.9895833333333334,46.666666666666664
2026,PhaseVariation_PT,16.0,1.0,48.0
2026,PhilosophersDyn_COL,7.4,0.4625,18.4
2026,PhilosophersDyn_PT,16.0,1.0,40.666666666666664
2026,Philosophers_COL,13.538461538461538,0.8461538461538461,40.61538461538461
2026,Philosophers_PT,15.727272727272727,0.9829545454545454,45.63636363636363
2026,Planning_PT,16.0,1.0,38.0
2026,PolyORBLF_COL,15.88888888888889,0.9930555555555556,44.77777777777778
2026,PolyORBLF_PT,15.61111111111111,0.9756944444444444,42.333333333333336
2026,PolyORBNT_COL,15.0,0.9375,44.4
2026,PolyORBNT_PT,14.9,0.93125,44.0
2026,ProductionCell_PT,16.0,1.0,48.0
2026,QuasiCertifProtocol_COL,16.0,1.0,48.0
2026,QuasiCertifProtocol_PT,16.0,1.0,48.0
2026,RERS17pb113_PT,13.777777777777779,0.8611111111111112,25.77777777777778
2026,RERS17pb114_PT,4.222222222222222,0.2638888888888889,7.888888888888889
2026,RERS17pb115_PT,4.222222222222222,0.2638888888888889,8.333333333333334
2026,RERS2020_PT,10.11111111111111,0.6319444444444444,19.11111111111111
2026,Raft_PT,16.0,1.0,48.0
2026,Railroad_PT,16.0,1.0,47.8
2026,Referendum_COL,16.0,1.0,48.0
2026,Referendum_PT,16.0,1.0,48.0
2026,RefineWMG_PT,16.0,1.0,48.0
2026,ResAllocation_PT,16.0,1.0,48.0
2026,RingSingleMessageInMbox_PT,14.333333333333334,0.8958333333333334,39.833333333333336
2026,Ring_PT,16.0,1.0,48.0
2026,RobotManipulation_PT,16.0,1.0,48.0
2026,RwMutex_PT,16.0,1.0,48.0
2026,SafeBus_COL,14.285714285714286,0.8928571428571429,40.142857142857146
2026,SafeBus_PT,15.4,0.9625,45.2
2026,SatelliteMemory_PT,16.0,1.0,48.0
2026,SemanticWebServices_PT,16.0,1.0,33.733333333333334
2026,ServersAndClients_PT,16.0,1.0,48.0
2026,SharedMemory_COL,13.0,0.8125,35.92857142857143
2026,SharedMemory_PT,15.833333333333334,0.9895833333333334,46.166666666666664
2026,ShieldIIPs_PT,16.0,1.0,48.0
2026,ShieldIIPt_PT,16.0,1.0,48.0
2026,ShieldPPPs_PT,16.0,1.0,47.77272727272727
2026,ShieldPPPt_PT,16.0,1.0,47.95454545454545
2026,ShieldRVs_PT,16.0,1.0,48.0
2026,ShieldRVt_PT,16.0,1.0,48.0
2026,SieveSingleMsgMbox_PT,15.944444444444445,0.9965277777777778,46.94444444444444
2026,SimpleLoadBal_PT,16.0,1.0,47.8
2026,SmallOperatingSystem_PT,16.0,1.0,48.0
2026,SmartHome_PT,16.0,1.0,48.0
2026,Solitaire_PT,16.0,1.0,48.0
2026,SquareGrid_PT,16.0,1.0,48.0
2026,StigmergyCommit_PT,15.45,0.965625,44.2
2026,StigmergyElection_PT,16.0,1.0,47.05
2026,Sudoku_COL,15.15,0.946875,43.95
2026,Sudoku_PT,15.2,0.95,45.1
2026,SwimmingPool_PT,16.0,1.0,48.0
2026,Szymanski_PT,15.75,0.984375,41.5
2026,TCPcondis_PT,16.0,1.0,48.0
2026,TokenRing_COL,16.0,1.0,48.0
2026,TokenRing_PT,16.0,1.0,45.714285714285715
2026,TriangularGrid_PT,16.0,1.0,48.0
2026,TwoPhaseLocking_PT,16.0,1.0,48.0
2026,UtahNoC_PT,16.0,1.0,48.0
2026,UtilityControlRoom_COL,16.0,1.0,48.0
2026,UtilityControlRoom_PT,16.0,1.0,48.0
2026,Vasy2003_PT,16.0,1.0,48.0
2026,VehicularWifi_COL,10.0,0.625,28.0
2026,ViralEpidemic_PT,16.0,1.0,48.0
